                  epoch,         train/box_loss,         train/cls_loss,         train/dfl_loss,   metrics/precision(B),      metrics/recall(B),       metrics/mAP50(B),    metrics/mAP50-95(B),           val/box_loss,           val/cls_loss,           val/dfl_loss,                 lr/pg0,                 lr/pg1,                 lr/pg2
                      1,                 2.1943,                  2.677,                 1.6486,                0.61489,                0.24229,                0.22743,                0.08678,                 2.0613,                 2.3044,                 1.6591,             0.00047127,             0.00047127,             0.00047127
                      2,                 1.9708,                 2.0032,                 1.5084,                0.31503,                0.33215,                0.29857,                0.12243,                 1.9922,                 1.9584,                 1.6049,             0.00075997,             0.00075997,             0.00075997
                      3,                 1.9128,                 1.8248,                 1.4871,                0.44578,                0.41353,                0.39781,                0.18046,                 1.8808,                 1.5907,                 1.4977,             0.00086006,             0.00086006,             0.00086006
                      4,                 1.8436,                 1.7112,                 1.4592,                0.38126,                0.39955,                0.39261,                0.17457,                 1.8914,                 1.5562,                 1.5254,             0.00058017,             0.00058017,             0.00058017
                      5,                 1.7753,                 1.5971,                 1.3986,                0.47277,                0.55113,                0.48533,                0.23966,                  1.767,                 1.3868,                 1.4374,             0.00029723,             0.00029723,             0.00029723
